{
  "Create Controller" : {
    "transaction" : "Create Controller",
    "sampleCount" : 10000,
    "errorCount" : 0,
    "errorPct" : 0.0,
    "meanResTime" : 2364.941800000005,
    "medianResTime" : 2433.0,
    "minResTime" : 12.0,
    "maxResTime" : 3780.0,
    "pct1ResTime" : 3310.0,
    "pct2ResTime" : 3381.0,
    "pct3ResTime" : 3594.0,
    "throughput" : 744.3799315170463,
    "receivedKBytesPerSec" : 1313.8938223444247,
    "sentKBytesPerSec" : 1048.2381457495906
  },
  "Playlists Update Request" : {
    "transaction" : "Playlists Update Request",
    "sampleCount" : 10000,
    "errorCount" : 0,
    "errorPct" : 0.0,
    "meanResTime" : 526.4208999999994,
    "medianResTime" : 564.0,
    "minResTime" : 1.0,
    "maxResTime" : 1110.0,
    "pct1ResTime" : 712.0,
    "pct2ResTime" : 733.0,
    "pct3ResTime" : 960.9799999999996,
    "throughput" : 697.4473427256243,
    "receivedKBytesPerSec" : 304.3767817600084,
    "sentKBytesPerSec" : 266.2351302047008
  },
  "Update Controller" : {
    "transaction" : "Update Controller",
    "sampleCount" : 10000,
    "errorCount" : 0,
    "errorPct" : 0.0,
    "meanResTime" : 2632.453500000002,
    "medianResTime" : 2830.0,
    "minResTime" : 329.0,
    "maxResTime" : 3837.0,
    "pct1ResTime" : 3326.0,
    "pct2ResTime" : 3376.0,
    "pct3ResTime" : 3558.99,
    "throughput" : 684.2285323297982,
    "receivedKBytesPerSec" : 1207.7214922596647,
    "sentKBytesPerSec" : 976.5270858279165
  },
  "Tracks Create Request" : {
    "transaction" : "Tracks Create Request",
    "sampleCount" : 10000,
    "errorCount" : 0,
    "errorPct" : 0.0,
    "meanResTime" : 504.24050000000136,
    "medianResTime" : 526.0,
    "minResTime" : 0.0,
    "maxResTime" : 1159.0,
    "pct1ResTime" : 716.0,
    "pct2ResTime" : 743.9499999999989,
    "pct3ResTime" : 1001.9899999999998,
    "throughput" : 776.940408670655,
    "receivedKBytesPerSec" : 250.29727075402064,
    "sentKBytesPerSec" : 185.88906262139693
  },
  "Albums Create Request" : {
    "transaction" : "Albums Create Request",
    "sampleCount" : 10000,
    "errorCount" : 0,
    "errorPct" : 0.0,
    "meanResTime" : 464.509699999999,
    "medianResTime" : 453.0,
    "minResTime" : 2.0,
    "maxResTime" : 1155.0,
    "pct1ResTime" : 688.0,
    "pct2ResTime" : 739.0,
    "pct3ResTime" : 1010.9799999999996,
    "throughput" : 945.8948164964056,
    "receivedKBytesPerSec" : 304.7272201924896,
    "sentKBytesPerSec" : 228.16017546348849
  },
  "Genres Update Request" : {
    "transaction" : "Genres Update Request",
    "sampleCount" : 10000,
    "errorCount" : 0,
    "errorPct" : 0.0,
    "meanResTime" : 538.9081000000018,
    "medianResTime" : 584.0,
    "minResTime" : 1.0,
    "maxResTime" : 1140.0,
    "pct1ResTime" : 716.0,
    "pct2ResTime" : 734.0,
    "pct3ResTime" : 960.9799999999996,
    "throughput" : 699.4474365251452,
    "receivedKBytesPerSec" : 262.2172429093516,
    "sentKBytesPerSec" : 219.18483226376162
  },
  "Artists Create Request" : {
    "transaction" : "Artists Create Request",
    "sampleCount" : 10000,
    "errorCount" : 0,
    "errorPct" : 0.0,
    "meanResTime" : 447.8947999999996,
    "medianResTime" : 442.0,
    "minResTime" : 0.0,
    "maxResTime" : 1110.0,
    "pct1ResTime" : 682.0,
    "pct2ResTime" : 739.9499999999989,
    "pct3ResTime" : 997.0,
    "throughput" : 926.2689885142645,
    "receivedKBytesPerSec" : 286.64533594618376,
    "sentKBytesPerSec" : 222.52165153760654
  },
  "Albums Update Request" : {
    "transaction" : "Albums Update Request",
    "sampleCount" : 10000,
    "errorCount" : 0,
    "errorPct" : 0.0,
    "meanResTime" : 524.5012999999997,
    "medianResTime" : 585.0,
    "minResTime" : 0.0,
    "maxResTime" : 1151.0,
    "pct1ResTime" : 717.0,
    "pct2ResTime" : 737.0,
    "pct3ResTime" : 984.9899999999998,
    "throughput" : 742.555877329769,
    "receivedKBytesPerSec" : 239.22003206913195,
    "sentKBytesPerSec" : 181.9330063766986
  },
  "Tracks Update Request" : {
    "transaction" : "Tracks Update Request",
    "sampleCount" : 10000,
    "errorCount" : 0,
    "errorPct" : 0.0,
    "meanResTime" : 505.7097000000009,
    "medianResTime" : 525.0,
    "minResTime" : 1.0,
    "maxResTime" : 1167.0,
    "pct1ResTime" : 713.0,
    "pct2ResTime" : 734.0,
    "pct3ResTime" : 958.0,
    "throughput" : 701.0164738871364,
    "receivedKBytesPerSec" : 225.83779683666316,
    "sentKBytesPerSec" : 170.38629841395021
  },
  "Total" : {
    "transaction" : "Total",
    "sampleCount" : 100000,
    "errorCount" : 0,
    "errorPct" : 0.0,
    "meanResTime" : 499.7395200000038,
    "medianResTime" : 660.0,
    "minResTime" : 0.0,
    "maxResTime" : 1175.0,
    "pct1ResTime" : 722.0,
    "pct2ResTime" : 729.0,
    "pct3ResTime" : 762.0,
    "throughput" : 6616.819956328988,
    "receivedKBytesPerSec" : 2335.8498788294846,
    "sentKBytesPerSec" : 1876.1314503655794
  },
  "Artists Update Request" : {
    "transaction" : "Artists Update Request",
    "sampleCount" : 10000,
    "errorCount" : 0,
    "errorPct" : 0.0,
    "meanResTime" : 536.9134000000025,
    "medianResTime" : 595.0,
    "minResTime" : 1.0,
    "maxResTime" : 1171.0,
    "pct1ResTime" : 718.0,
    "pct2ResTime" : 735.0,
    "pct3ResTime" : 964.9899999999998,
    "throughput" : 721.136511141559,
    "receivedKBytesPerSec" : 223.16456673216987,
    "sentKBytesPerSec" : 175.9808301633374
  },
  "Genres Create Request" : {
    "transaction" : "Genres Create Request",
    "sampleCount" : 10000,
    "errorCount" : 0,
    "errorPct" : 0.0,
    "meanResTime" : 465.9014999999995,
    "medianResTime" : 466.0,
    "minResTime" : 0.0,
    "maxResTime" : 1109.0,
    "pct1ResTime" : 688.0,
    "pct2ResTime" : 762.0,
    "pct3ResTime" : 1035.9899999999998,
    "throughput" : 871.0042679209128,
    "receivedKBytesPerSec" : 326.532525204686,
    "sentKBytesPerSec" : 269.6370634091107
  },
  "Playlists Create Request" : {
    "transaction" : "Playlists Create Request",
    "sampleCount" : 10000,
    "errorCount" : 0,
    "errorPct" : 0.0,
    "meanResTime" : 482.39530000000065,
    "medianResTime" : 483.0,
    "minResTime" : 0.0,
    "maxResTime" : 1175.0,
    "pct1ResTime" : 702.0,
    "pct2ResTime" : 740.0,
    "pct3ResTime" : 1013.9899999999998,
    "throughput" : 819.4706219782021,
    "receivedKBytesPerSec" : 357.62962360689994,
    "sentKBytesPerSec" : 309.70227607965256
  }
}