{
  "Albums Get Request" : {
    "transaction" : "Albums Get Request",
    "sampleCount" : 50000,
    "errorCount" : 32516,
    "errorPct" : 65.032,
    "meanResTime" : 494.9461600000004,
    "medianResTime" : 574.0,
    "minResTime" : 0.0,
    "maxResTime" : 4273.0,
    "pct1ResTime" : 1170.0,
    "pct2ResTime" : 1477.9000000000015,
    "pct3ResTime" : 2965.0,
    "throughput" : 386.1540600237871,
    "receivedKBytesPerSec" : 605.1042266009947,
    "sentKBytesPerSec" : 24.395131900573052
  },
  "Genres Get Request" : {
    "transaction" : "Genres Get Request",
    "sampleCount" : 50000,
    "errorCount" : 30347,
    "errorPct" : 60.694,
    "meanResTime" : 504.37195999999693,
    "medianResTime" : 534.0,
    "minResTime" : 0.0,
    "maxResTime" : 5463.0,
    "pct1ResTime" : 1606.4000000000233,
    "pct2ResTime" : 2243.0,
    "pct3ResTime" : 3572.970000000005,
    "throughput" : 386.36890503052314,
    "receivedKBytesPerSec" : 571.6740051604397,
    "sentKBytesPerSec" : 27.43675774911135
  },
  "Tracks Get Request" : {
    "transaction" : "Tracks Get Request",
    "sampleCount" : 50000,
    "errorCount" : 24363,
    "errorPct" : 48.726,
    "meanResTime" : 485.25748000000254,
    "medianResTime" : 374.0,
    "minResTime" : 0.0,
    "maxResTime" : 5462.0,
    "pct1ResTime" : 2056.0,
    "pct2ResTime" : 2470.0,
    "pct3ResTime" : 3700.0,
    "throughput" : 386.39876352395675,
    "receivedKBytesPerSec" : 478.552370616789,
    "sentKBytesPerSec" : 35.79354382003478
  },
  "Total" : {
    "transaction" : "Total",
    "sampleCount" : 250000,
    "errorCount" : 146676,
    "errorPct" : 58.6704,
    "meanResTime" : 500.28230000000207,
    "medianResTime" : 97.0,
    "minResTime" : 0.0,
    "maxResTime" : 5505.0,
    "pct1ResTime" : 1714.9000000000015,
    "pct2ResTime" : 2203.0,
    "pct3ResTime" : 3046.0,
    "throughput" : 1930.6361059841997,
    "receivedKBytesPerSec" : 2777.873045954931,
    "sentKBytesPerSec" : 144.79331876829275
  },
  "Artists Get Request" : {
    "transaction" : "Artists Get Request",
    "sampleCount" : 50000,
    "errorCount" : 31414,
    "errorPct" : 62.828,
    "meanResTime" : 513.21316,
    "medianResTime" : 615.0,
    "minResTime" : 0.0,
    "maxResTime" : 5505.0,
    "pct1ResTime" : 1213.9000000000015,
    "pct2ResTime" : 1619.0,
    "pct3ResTime" : 2924.0,
    "throughput" : 386.3450215580522,
    "receivedKBytesPerSec" : 588.2486430838445,
    "sentKBytesPerSec" : 26.08580457316602
  },
  "Get Controller" : {
    "transaction" : "Get Controller",
    "sampleCount" : 50000,
    "errorCount" : 32516,
    "errorPct" : 65.032,
    "meanResTime" : 2501.411519999999,
    "medianResTime" : 3396.0,
    "minResTime" : 0.0,
    "maxResTime" : 11996.0,
    "pct1ResTime" : 5666.0,
    "pct2ResTime" : 6302.950000000001,
    "pct3ResTime" : 7380.980000000003,
    "throughput" : 385.85010495122856,
    "receivedKBytesPerSec" : 2775.8794187071708,
    "sentKBytesPerSec" : 144.68940332622083
  },
  "Playlists Get Request" : {
    "transaction" : "Playlists Get Request",
    "sampleCount" : 50000,
    "errorCount" : 28036,
    "errorPct" : 56.072,
    "meanResTime" : 503.62274000000383,
    "medianResTime" : 509.0,
    "minResTime" : 0.0,
    "maxResTime" : 5505.0,
    "pct1ResTime" : 1973.0,
    "pct2ResTime" : 2461.0,
    "pct3ResTime" : 3698.9900000000016,
    "throughput" : 386.36890503052314,
    "receivedKBytesPerSec" : 535.6964722104166,
    "sentKBytesPerSec" : 31.160289969863225
  }
}