{
  "Create Controller" : {
    "transaction" : "Create Controller",
    "sampleCount" : 50000,
    "errorCount" : 34152,
    "errorPct" : 68.304,
    "meanResTime" : 3649.9975000000186,
    "medianResTime" : 3546.0,
    "minResTime" : 35.0,
    "maxResTime" : 19818.0,
    "pct1ResTime" : 6561.0,
    "pct2ResTime" : 7359.950000000001,
    "pct3ResTime" : 9132.970000000005,
    "throughput" : 256.95183180960896,
    "receivedKBytesPerSec" : 1971.3199549354665,
    "sentKBytesPerSec" : 140.87959811288152
  },
  "Playlists Delete Request" : {
    "transaction" : "Playlists Delete Request",
    "sampleCount" : 50000,
    "errorCount" : 31086,
    "errorPct" : 62.172,
    "meanResTime" : 693.5455199999924,
    "medianResTime" : 578.0,
    "minResTime" : 0.0,
    "maxResTime" : 7152.0,
    "pct1ResTime" : 1870.9000000000015,
    "pct2ResTime" : 2417.9500000000007,
    "pct3ResTime" : 3536.0,
    "throughput" : 237.67986423726154,
    "receivedKBytesPerSec" : 276.6673465301117,
    "sentKBytesPerSec" : 28.19259671045126
  },
  "Tracks Create Request" : {
    "transaction" : "Tracks Create Request",
    "sampleCount" : 50000,
    "errorCount" : 27772,
    "errorPct" : 55.544,
    "meanResTime" : 702.5838200000052,
    "medianResTime" : 499.0,
    "minResTime" : 0.0,
    "maxResTime" : 6682.0,
    "pct1ResTime" : 1901.0,
    "pct2ResTime" : 2403.0,
    "pct3ResTime" : 3367.980000000003,
    "throughput" : 239.742612331401,
    "receivedKBytesPerSec" : 336.9001883328059,
    "sentKBytesPerSec" : 25.50009185138835
  },
  "Albums Create Request" : {
    "transaction" : "Albums Create Request",
    "sampleCount" : 50000,
    "errorCount" : 33905,
    "errorPct" : 67.81,
    "meanResTime" : 835.361779999998,
    "medianResTime" : 452.0,
    "minResTime" : 1.0,
    "maxResTime" : 8437.0,
    "pct1ResTime" : 1405.0,
    "pct2ResTime" : 1752.0,
    "pct3ResTime" : 2698.9400000000096,
    "throughput" : 264.1058959000201,
    "receivedKBytesPerSec" : 436.7910046274654,
    "sentKBytesPerSec" : 20.506713778206507
  },
  "Delete Controller" : {
    "transaction" : "Delete Controller",
    "sampleCount" : 50000,
    "errorCount" : 36330,
    "errorPct" : 72.66,
    "meanResTime" : 3522.808460000003,
    "medianResTime" : 4002.0,
    "minResTime" : 14.0,
    "maxResTime" : 12358.0,
    "pct1ResTime" : 6907.0,
    "pct2ResTime" : 7599.0,
    "pct3ResTime" : 8833.960000000006,
    "throughput" : 237.51615109827466,
    "receivedKBytesPerSec" : 1450.5998507507886,
    "sentKBytesPerSec" : 132.16996778241858
  },
  "Artists Create Request" : {
    "transaction" : "Artists Create Request",
    "sampleCount" : 50000,
    "errorCount" : 32038,
    "errorPct" : 64.076,
    "meanResTime" : 750.446319999999,
    "medianResTime" : 551.0,
    "minResTime" : 0.0,
    "maxResTime" : 8661.0,
    "pct1ResTime" : 1932.0,
    "pct2ResTime" : 2508.0,
    "pct3ResTime" : 3667.0,
    "throughput" : 249.08213234231854,
    "receivedKBytesPerSec" : 391.25633563755065,
    "sentKBytesPerSec" : 21.496235590598644
  },
  "Genres Delete Request" : {
    "transaction" : "Genres Delete Request",
    "sampleCount" : 50000,
    "errorCount" : 31986,
    "errorPct" : 63.972,
    "meanResTime" : 717.562800000006,
    "medianResTime" : 561.0,
    "minResTime" : 0.0,
    "maxResTime" : 8843.0,
    "pct1ResTime" : 1914.9000000000015,
    "pct2ResTime" : 2467.9500000000007,
    "pct3ResTime" : 3528.900000000016,
    "throughput" : 237.7374997622625,
    "receivedKBytesPerSec" : 289.472829352617,
    "sentKBytesPerSec" : 26.44573374113239
  },
  "Albums Delete Request" : {
    "transaction" : "Albums Delete Request",
    "sampleCount" : 50000,
    "errorCount" : 34403,
    "errorPct" : 68.806,
    "meanResTime" : 724.6960400000029,
    "medianResTime" : 506.0,
    "minResTime" : 1.0,
    "maxResTime" : 6980.0,
    "pct1ResTime" : 1914.0,
    "pct2ResTime" : 2432.9500000000007,
    "pct3ResTime" : 3268.850000000024,
    "throughput" : 238.1757641869394,
    "receivedKBytesPerSec" : 318.99073150178157,
    "sentKBytesPerSec" : 23.447841107886475
  },
  "Total" : {
    "transaction" : "Total",
    "sampleCount" : 500000,
    "errorCount" : 314056,
    "errorPct" : 62.8112,
    "meanResTime" : 717.2803700000217,
    "medianResTime" : 851.0,
    "minResTime" : 0.0,
    "maxResTime" : 8843.0,
    "pct1ResTime" : 2546.0,
    "pct2ResTime" : 2857.850000000002,
    "pct3ResTime" : 3712.0,
    "throughput" : 2368.983374474678,
    "receivedKBytesPerSec" : 3264.2973097454646,
    "sentKBytesPerSec" : 261.7109952809851
  },
  "Artists Delete Request" : {
    "transaction" : "Artists Delete Request",
    "sampleCount" : 50000,
    "errorCount" : 32966,
    "errorPct" : 65.932,
    "meanResTime" : 713.2403200000015,
    "medianResTime" : 507.0,
    "minResTime" : 0.0,
    "maxResTime" : 6950.0,
    "pct1ResTime" : 1940.9000000000015,
    "pct2ResTime" : 2451.9500000000007,
    "pct3ResTime" : 3437.980000000003,
    "throughput" : 237.7533261690331,
    "receivedKBytesPerSec" : 303.82808209295445,
    "sentKBytesPerSec" : 25.051650052662364
  },
  "Tracks Delete Request" : {
    "transaction" : "Tracks Delete Request",
    "sampleCount" : 50000,
    "errorCount" : 30190,
    "errorPct" : 60.38,
    "meanResTime" : 673.7619999999952,
    "medianResTime" : 570.0,
    "minResTime" : 0.0,
    "maxResTime" : 6982.0,
    "pct1ResTime" : 1770.0,
    "pct2ResTime" : 2349.0,
    "pct3ResTime" : 3623.9900000000016,
    "throughput" : 237.83588372679316,
    "receivedKBytesPerSec" : 263.6418853815363,
    "sentKBytesPerSec" : 29.205377863246742
  },
  "Genres Create Request" : {
    "transaction" : "Genres Create Request",
    "sampleCount" : 50000,
    "errorCount" : 30562,
    "errorPct" : 61.124,
    "meanResTime" : 668.2296800000049,
    "medianResTime" : 572.0,
    "minResTime" : 0.0,
    "maxResTime" : 7110.0,
    "pct1ResTime" : 1764.0,
    "pct2ResTime" : 2128.800000000003,
    "pct3ResTime" : 3401.970000000005,
    "throughput" : 244.02623770107763,
    "receivedKBytesPerSec" : 374.6467338918281,
    "sentKBytesPerSec" : 29.368205013153016
  },
  "Playlists Create Request" : {
    "transaction" : "Playlists Create Request",
    "sampleCount" : 50000,
    "errorCount" : 29148,
    "errorPct" : 58.296,
    "meanResTime" : 693.3754199999988,
    "medianResTime" : 512.0,
    "minResTime" : 0.0,
    "maxResTime" : 8684.0,
    "pct1ResTime" : 1825.0,
    "pct2ResTime" : 2297.9500000000007,
    "pct3ResTime" : 3376.970000000005,
    "throughput" : 241.03936172777017,
    "receivedKBytesPerSec" : 363.1915852405573,
    "sentKBytesPerSec" : 37.990646919516955
  }
}