{
  "Create Controller" : {
    "transaction" : "Create Controller",
    "sampleCount" : 50000,
    "errorCount" : 32122,
    "errorPct" : 64.244,
    "meanResTime" : 3900.2778000000044,
    "medianResTime" : 4299.0,
    "minResTime" : 33.0,
    "maxResTime" : 24251.0,
    "pct1ResTime" : 8728.600000000006,
    "pct2ResTime" : 10305.0,
    "pct3ResTime" : 14109.980000000003,
    "throughput" : 275.91839437567944,
    "receivedKBytesPerSec" : 1991.6940695307458,
    "sentKBytesPerSec" : 170.66860071090375
  },
  "Playlists Update Request" : {
    "transaction" : "Playlists Update Request",
    "sampleCount" : 50000,
    "errorCount" : 28588,
    "errorPct" : 57.176,
    "meanResTime" : 648.137360000007,
    "medianResTime" : 437.0,
    "minResTime" : 0.0,
    "maxResTime" : 7914.0,
    "pct1ResTime" : 1867.0,
    "pct2ResTime" : 2750.0,
    "pct3ResTime" : 5606.0,
    "throughput" : 264.26781957907417,
    "receivedKBytesPerSec" : 327.4548488107287,
    "sentKBytesPerSec" : 56.44159313689866
  },
  "Update Controller" : {
    "transaction" : "Update Controller",
    "sampleCount" : 50000,
    "errorCount" : 34643,
    "errorPct" : 69.286,
    "meanResTime" : 3208.0062000000244,
    "medianResTime" : 3863.0,
    "minResTime" : 6.0,
    "maxResTime" : 20223.0,
    "pct1ResTime" : 7224.9000000000015,
    "pct2ResTime" : 8498.850000000002,
    "pct3ResTime" : 11695.44000000009,
    "throughput" : 263.9163068607683,
    "receivedKBytesPerSec" : 1625.0063711045952,
    "sentKBytesPerSec" : 205.7266426233413
  },
  "Tracks Create Request" : {
    "transaction" : "Tracks Create Request",
    "sampleCount" : 50000,
    "errorCount" : 25124,
    "errorPct" : 50.248,
    "meanResTime" : 670.7060399999959,
    "medianResTime" : 542.5,
    "minResTime" : 0.0,
    "maxResTime" : 11352.0,
    "pct1ResTime" : 2166.0,
    "pct2ResTime" : 2833.0,
    "pct3ResTime" : 6044.980000000003,
    "throughput" : 264.2175461588053,
    "receivedKBytesPerSec" : 344.5076128506167,
    "sentKBytesPerSec" : 31.451280100983947
  },
  "Albums Create Request" : {
    "transaction" : "Albums Create Request",
    "sampleCount" : 50000,
    "errorCount" : 31814,
    "errorPct" : 63.628,
    "meanResTime" : 1039.07624,
    "medianResTime" : 587.0,
    "minResTime" : 1.0,
    "maxResTime" : 10125.0,
    "pct1ResTime" : 2895.0,
    "pct2ResTime" : 5241.0,
    "pct3ResTime" : 6815.970000000005,
    "throughput" : 288.03004729453374,
    "receivedKBytesPerSec" : 455.27811461291645,
    "sentKBytesPerSec" : 25.26980989656841
  },
  "Genres Update Request" : {
    "transaction" : "Genres Update Request",
    "sampleCount" : 50000,
    "errorCount" : 29542,
    "errorPct" : 59.084,
    "meanResTime" : 651.8961200000033,
    "medianResTime" : 471.0,
    "minResTime" : 0.0,
    "maxResTime" : 8786.0,
    "pct1ResTime" : 1972.9000000000015,
    "pct2ResTime" : 2779.0,
    "pct3ResTime" : 5517.950000000008,
    "throughput" : 264.16729186259073,
    "receivedKBytesPerSec" : 326.86007723095884,
    "sentKBytesPerSec" : 45.20335247280398
  },
  "Artists Create Request" : {
    "transaction" : "Artists Create Request",
    "sampleCount" : 50000,
    "errorCount" : 29722,
    "errorPct" : 59.444,
    "meanResTime" : 752.6098200000047,
    "medianResTime" : 665.0,
    "minResTime" : 0.0,
    "maxResTime" : 10966.0,
    "pct1ResTime" : 1734.9000000000015,
    "pct2ResTime" : 3145.9000000000015,
    "pct3ResTime" : 6567.990000000002,
    "throughput" : 280.3476310625175,
    "receivedKBytesPerSec" : 415.6623541316232,
    "sentKBytesPerSec" : 27.314116379310345
  },
  "Albums Update Request" : {
    "transaction" : "Albums Update Request",
    "sampleCount" : 50000,
    "errorCount" : 32426,
    "errorPct" : 64.852,
    "meanResTime" : 630.1492600000041,
    "medianResTime" : 506.5,
    "minResTime" : 0.0,
    "maxResTime" : 8831.0,
    "pct1ResTime" : 1983.9000000000015,
    "pct2ResTime" : 2756.0,
    "pct3ResTime" : 5400.950000000008,
    "throughput" : 264.1268231353967,
    "receivedKBytesPerSec" : 337.5886073269441,
    "sentKBytesPerSec" : 33.26541662869844
  },
  "Tracks Update Request" : {
    "transaction" : "Tracks Update Request",
    "sampleCount" : 50000,
    "errorCount" : 27742,
    "errorPct" : 55.484,
    "meanResTime" : 640.2852200000065,
    "medianResTime" : 416.0,
    "minResTime" : 0.0,
    "maxResTime" : 9422.0,
    "pct1ResTime" : 1836.0,
    "pct2ResTime" : 2697.9500000000007,
    "pct3ResTime" : 5636.990000000002,
    "throughput" : 264.42294979665877,
    "receivedKBytesPerSec" : 307.0594823144015,
    "sentKBytesPerSec" : 36.8862319845339
  },
  "Total" : {
    "transaction" : "Total",
    "sampleCount" : 500000,
    "errorCount" : 290114,
    "errorPct" : 58.0228,
    "meanResTime" : 710.8282179999844,
    "medianResTime" : 1020.0,
    "minResTime" : 0.0,
    "maxResTime" : 11352.0,
    "pct1ResTime" : 2693.9000000000015,
    "pct2ResTime" : 2844.0,
    "pct3ResTime" : 3522.9900000000016,
    "throughput" : 2632.1469369706097,
    "receivedKBytesPerSec" : 3520.6798017105007,
    "sentKBytesPerSec" : 367.9904847476956
  },
  "Artists Update Request" : {
    "transaction" : "Artists Update Request",
    "sampleCount" : 50000,
    "errorCount" : 30724,
    "errorPct" : 61.448,
    "meanResTime" : 637.5381800000007,
    "medianResTime" : 503.0,
    "minResTime" : 0.0,
    "maxResTime" : 8955.0,
    "pct1ResTime" : 1959.9000000000015,
    "pct2ResTime" : 2726.9000000000015,
    "pct3ResTime" : 5354.910000000014,
    "throughput" : 264.0654459801317,
    "receivedKBytesPerSec" : 327.83202145069635,
    "sentKBytesPerSec" : 34.16455531213856
  },
  "Genres Create Request" : {
    "transaction" : "Genres Create Request",
    "sampleCount" : 50000,
    "errorCount" : 27998,
    "errorPct" : 55.996,
    "meanResTime" : 707.0236,
    "medianResTime" : 585.0,
    "minResTime" : 0.0,
    "maxResTime" : 10204.0,
    "pct1ResTime" : 1835.0,
    "pct2ResTime" : 2798.9500000000007,
    "pct3ResTime" : 6249.0,
    "throughput" : 276.0189238574197,
    "receivedKBytesPerSec" : 397.78866145312924,
    "sentKBytesPerSec" : 37.60021427694083
  },
  "Playlists Create Request" : {
    "transaction" : "Playlists Create Request",
    "sampleCount" : 50000,
    "errorCount" : 26434,
    "errorPct" : 52.868,
    "meanResTime" : 730.8603400000007,
    "medianResTime" : 617.0,
    "minResTime" : 0.0,
    "maxResTime" : 10783.0,
    "pct1ResTime" : 2318.0,
    "pct2ResTime" : 2964.0,
    "pct3ResTime" : 6502.930000000011,
    "throughput" : 268.1065777267779,
    "receivedKBytesPerSec" : 378.0422241887095,
    "sentKBytesPerSec" : 47.75670408875936
  }
}