{
  "Create Controller" : {
    "transaction" : "Create Controller",
    "sampleCount" : 30000,
    "errorCount" : 15372,
    "errorPct" : 51.24,
    "meanResTime" : 3465.617433333323,
    "medianResTime" : 3957.0,
    "minResTime" : 6.0,
    "maxResTime" : 17870.0,
    "pct1ResTime" : 7986.700000000004,
    "pct2ResTime" : 9370.0,
    "pct3ResTime" : 14423.900000000016,
    "throughput" : 230.9593280623282,
    "receivedKBytesPerSec" : 1475.1250638746892,
    "sentKBytesPerSec" : 171.37106208331087
  },
  "Playlists Update Request" : {
    "transaction" : "Playlists Update Request",
    "sampleCount" : 30000,
    "errorCount" : 13531,
    "errorPct" : 45.103333,
    "meanResTime" : 1112.1486333333298,
    "medianResTime" : 1192.5,
    "minResTime" : 0.0,
    "maxResTime" : 5685.0,
    "pct1ResTime" : 2916.9000000000015,
    "pct2ResTime" : 3817.0,
    "pct3ResTime" : 5070.0,
    "throughput" : 197.5802999268953,
    "receivedKBytesPerSec" : 230.47939438139255,
    "sentKBytesPerSec" : 45.335732407532426
  },
  "Update Controller" : {
    "transaction" : "Update Controller",
    "sampleCount" : 30000,
    "errorCount" : 15372,
    "errorPct" : 51.24,
    "meanResTime" : 4941.392100000003,
    "medianResTime" : 4738.0,
    "minResTime" : 10.0,
    "maxResTime" : 17356.0,
    "pct1ResTime" : 10277.900000000001,
    "pct2ResTime" : 11454.95,
    "pct3ResTime" : 13451.0,
    "throughput" : 206.48500574716599,
    "receivedKBytesPerSec" : 1188.4299622218475,
    "sentKBytesPerSec" : 173.03166555107407
  },
  "Tracks Create Request" : {
    "transaction" : "Tracks Create Request",
    "sampleCount" : 30000,
    "errorCount" : 13467,
    "errorPct" : 44.89,
    "meanResTime" : 599.2628333333366,
    "medianResTime" : 402.0,
    "minResTime" : 0.0,
    "maxResTime" : 5011.0,
    "pct1ResTime" : 2194.0,
    "pct2ResTime" : 2749.0,
    "pct3ResTime" : 3448.9600000000064,
    "throughput" : 206.6172621835312,
    "receivedKBytesPerSec" : 247.4131343903241,
    "sentKBytesPerSec" : 27.243515069716107
  },
  "Albums Create Request" : {
    "transaction" : "Albums Create Request",
    "sampleCount" : 30000,
    "errorCount" : 15372,
    "errorPct" : 51.24,
    "meanResTime" : 1045.7291333333376,
    "medianResTime" : 596.0,
    "minResTime" : 1.0,
    "maxResTime" : 13855.0,
    "pct1ResTime" : 2419.9000000000015,
    "pct2ResTime" : 4088.0,
    "pct3ResTime" : 4152.0,
    "throughput" : 235.77676655742343,
    "receivedKBytesPerSec" : 318.73643362589297,
    "sentKBytesPerSec" : 27.730755458232146
  },
  "Genres Update Request" : {
    "transaction" : "Genres Update Request",
    "sampleCount" : 30000,
    "errorCount" : 13957,
    "errorPct" : 46.523335,
    "meanResTime" : 1042.4081000000012,
    "medianResTime" : 1077.0,
    "minResTime" : 1.0,
    "maxResTime" : 5590.0,
    "pct1ResTime" : 2505.0,
    "pct2ResTime" : 3576.0,
    "pct3ResTime" : 5011.0,
    "throughput" : 196.80519565716534,
    "receivedKBytesPerSec" : 227.54088192303277,
    "sentKBytesPerSec" : 36.30119241397973
  },
  "Artists Create Request" : {
    "transaction" : "Artists Create Request",
    "sampleCount" : 30000,
    "errorCount" : 15076,
    "errorPct" : 50.253334,
    "meanResTime" : 708.060766666663,
    "medianResTime" : 402.0,
    "minResTime" : 0.0,
    "maxResTime" : 7435.0,
    "pct1ResTime" : 1928.9000000000015,
    "pct2ResTime" : 2643.0,
    "pct3ResTime" : 4085.0,
    "throughput" : 226.96151489245804,
    "receivedKBytesPerSec" : 297.7194711938554,
    "sentKBytesPerSec" : 27.123851480167342
  },
  "Albums Update Request" : {
    "transaction" : "Albums Update Request",
    "sampleCount" : 30000,
    "errorCount" : 15372,
    "errorPct" : 51.24,
    "meanResTime" : 788.7133999999987,
    "medianResTime" : 544.0,
    "minResTime" : 0.0,
    "maxResTime" : 5557.0,
    "pct1ResTime" : 2194.9000000000015,
    "pct2ResTime" : 2787.9500000000007,
    "pct3ResTime" : 3652.9900000000016,
    "throughput" : 201.1775593138504,
    "receivedKBytesPerSec" : 238.91963511839296,
    "sentKBytesPerSec" : 27.509760778925976
  },
  "Tracks Update Request" : {
    "transaction" : "Tracks Update Request",
    "sampleCount" : 30000,
    "errorCount" : 13467,
    "errorPct" : 44.89,
    "meanResTime" : 993.3997333333282,
    "medianResTime" : 951.0,
    "minResTime" : 0.0,
    "maxResTime" : 5637.0,
    "pct1ResTime" : 2775.0,
    "pct2ResTime" : 3412.9500000000007,
    "pct3ResTime" : 5015.0,
    "throughput" : 193.4610176049526,
    "receivedKBytesPerSec" : 210.9333625036274,
    "sentKBytesPerSec" : 28.593179441139487
  },
  "Total" : {
    "transaction" : "Total",
    "sampleCount" : 300000,
    "errorCount" : 142806,
    "errorPct" : 47.602,
    "meanResTime" : 840.7008666666754,
    "medianResTime" : 680.5,
    "minResTime" : 0.0,
    "maxResTime" : 13855.0,
    "pct1ResTime" : 2339.0,
    "pct2ResTime" : 2970.9500000000007,
    "pct3ResTime" : 3311.9900000000016,
    "throughput" : 1767.107069017312,
    "receivedKBytesPerSec" : 2145.7051682175484,
    "sentKBytesPerSec" : 279.19996597398523
  },
  "Artists Update Request" : {
    "transaction" : "Artists Update Request",
    "sampleCount" : 30000,
    "errorCount" : 15076,
    "errorPct" : 50.253334,
    "meanResTime" : 1004.7213999999994,
    "medianResTime" : 838.0,
    "minResTime" : 0.0,
    "maxResTime" : 5592.0,
    "pct1ResTime" : 2328.9000000000015,
    "pct2ResTime" : 3118.0,
    "pct3ResTime" : 4203.990000000002,
    "throughput" : 202.44007773698985,
    "receivedKBytesPerSec" : 233.80274433884756,
    "sentKBytesPerSec" : 28.248008706610342
  },
  "Genres Create Request" : {
    "transaction" : "Genres Create Request",
    "sampleCount" : 30000,
    "errorCount" : 13957,
    "errorPct" : 46.523335,
    "meanResTime" : 582.2841999999996,
    "medianResTime" : 319.0,
    "minResTime" : 0.0,
    "maxResTime" : 5704.0,
    "pct1ResTime" : 2160.0,
    "pct2ResTime" : 2466.0,
    "pct3ResTime" : 3228.9900000000016,
    "throughput" : 218.66526720895655,
    "receivedKBytesPerSec" : 275.85619268008907,
    "sentKBytesPerSec" : 36.199572315792736
  },
  "Playlists Create Request" : {
    "transaction" : "Playlists Create Request",
    "sampleCount" : 30000,
    "errorCount" : 13531,
    "errorPct" : 45.103333,
    "meanResTime" : 530.2804666666664,
    "medianResTime" : 407.0,
    "minResTime" : 0.0,
    "maxResTime" : 5460.0,
    "pct1ResTime" : 2140.9000000000015,
    "pct2ResTime" : 2712.850000000002,
    "pct3ResTime" : 3130.980000000003,
    "throughput" : 211.9137934688169,
    "receivedKBytesPerSec" : 267.9303351063454,
    "sentKBytesPerSec" : 43.96592442756786
  }
}