{
  "Create Controller" : {
    "transaction" : "Create Controller",
    "sampleCount" : 30000,
    "errorCount" : 15465,
    "errorPct" : 51.55,
    "meanResTime" : 3732.5433333333435,
    "medianResTime" : 3232.5,
    "minResTime" : 4.0,
    "maxResTime" : 24049.0,
    "pct1ResTime" : 8698.500000000007,
    "pct2ResTime" : 9855.800000000003,
    "pct3ResTime" : 12079.970000000005,
    "throughput" : 213.82294035052706,
    "receivedKBytesPerSec" : 1404.4059302678845,
    "sentKBytesPerSec" : 152.2619863906153
  },
  "Playlists Update Request" : {
    "transaction" : "Playlists Update Request",
    "sampleCount" : 30000,
    "errorCount" : 14861,
    "errorPct" : 49.536667,
    "meanResTime" : 1335.578700000005,
    "medianResTime" : 1134.0,
    "minResTime" : 0.0,
    "maxResTime" : 5493.0,
    "pct1ResTime" : 3009.9000000000015,
    "pct2ResTime" : 3422.0,
    "pct3ResTime" : 4142.980000000003,
    "throughput" : 195.00653271884607,
    "receivedKBytesPerSec" : 236.4987938033424,
    "sentKBytesPerSec" : 42.894137148906985
  },
  "Update Controller" : {
    "transaction" : "Update Controller",
    "sampleCount" : 30000,
    "errorCount" : 15465,
    "errorPct" : 51.55,
    "meanResTime" : 6081.518066666629,
    "medianResTime" : 6996.5,
    "minResTime" : 9.0,
    "maxResTime" : 18084.0,
    "pct1ResTime" : 9802.0,
    "pct2ResTime" : 11143.0,
    "pct3ResTime" : 13514.94000000001,
    "throughput" : 203.20522372895132,
    "receivedKBytesPerSec" : 1199.0359909789581,
    "sentKBytesPerSec" : 165.81865748870518
  },
  "Tracks Create Request" : {
    "transaction" : "Tracks Create Request",
    "sampleCount" : 30000,
    "errorCount" : 13295,
    "errorPct" : 44.316666,
    "meanResTime" : 701.0952000000009,
    "medianResTime" : 361.5,
    "minResTime" : 0.0,
    "maxResTime" : 5712.0,
    "pct1ResTime" : 2991.800000000003,
    "pct2ResTime" : 3765.9500000000007,
    "pct3ResTime" : 4410.0,
    "throughput" : 203.28370952113133,
    "receivedKBytesPerSec" : 241.2242118203548,
    "sentKBytesPerSec" : 27.082822918290113
  },
  "Albums Create Request" : {
    "transaction" : "Albums Create Request",
    "sampleCount" : 30000,
    "errorCount" : 15465,
    "errorPct" : 51.55,
    "meanResTime" : 828.5228999999968,
    "medianResTime" : 258.0,
    "minResTime" : 1.0,
    "maxResTime" : 23913.0,
    "pct1ResTime" : 1486.0,
    "pct2ResTime" : 2125.0,
    "pct3ResTime" : 4092.0,
    "throughput" : 216.45021645021646,
    "receivedKBytesPerSec" : 291.43986601506134,
    "sentKBytesPerSec" : 25.29582234172078
  },
  "Genres Update Request" : {
    "transaction" : "Genres Update Request",
    "sampleCount" : 30000,
    "errorCount" : 15176,
    "errorPct" : 50.586666,
    "meanResTime" : 1494.4175999999968,
    "medianResTime" : 1449.0,
    "minResTime" : 0.0,
    "maxResTime" : 5627.0,
    "pct1ResTime" : 3225.9000000000015,
    "pct2ResTime" : 3588.9000000000015,
    "pct3ResTime" : 4652.930000000011,
    "throughput" : 193.83977204442806,
    "receivedKBytesPerSec" : 231.69117730200884,
    "sentKBytesPerSec" : 34.567688848397914
  },
  "Artists Create Request" : {
    "transaction" : "Artists Create Request",
    "sampleCount" : 30000,
    "errorCount" : 15225,
    "errorPct" : 50.75,
    "meanResTime" : 712.297800000003,
    "medianResTime" : 262.0,
    "minResTime" : 0.0,
    "maxResTime" : 5422.0,
    "pct1ResTime" : 2020.0,
    "pct2ResTime" : 2794.9500000000007,
    "pct3ResTime" : 4003.950000000008,
    "throughput" : 214.37146287086264,
    "receivedKBytesPerSec" : 283.53087886940494,
    "sentKBytesPerSec" : 25.363451742304065
  },
  "Albums Update Request" : {
    "transaction" : "Albums Update Request",
    "sampleCount" : 30000,
    "errorCount" : 15465,
    "errorPct" : 51.55,
    "meanResTime" : 879.1981333333332,
    "medianResTime" : 577.0,
    "minResTime" : 0.0,
    "maxResTime" : 5509.0,
    "pct1ResTime" : 2983.0,
    "pct2ResTime" : 3609.0,
    "pct3ResTime" : 4673.980000000003,
    "throughput" : 204.6273054676416,
    "receivedKBytesPerSec" : 242.69541134990928,
    "sentKBytesPerSec" : 28.108311417606814
  },
  "Tracks Update Request" : {
    "transaction" : "Tracks Update Request",
    "sampleCount" : 30000,
    "errorCount" : 13295,
    "errorPct" : 44.316666,
    "meanResTime" : 988.0442333333339,
    "medianResTime" : 849.0,
    "minResTime" : 0.0,
    "maxResTime" : 5456.0,
    "pct1ResTime" : 2432.0,
    "pct2ResTime" : 3172.9500000000007,
    "pct3ResTime" : 4151.0,
    "throughput" : 196.17716105491,
    "receivedKBytesPerSec" : 222.75689935662064,
    "sentKBytesPerSec" : 27.944548941705957
  },
  "Total" : {
    "transaction" : "Total",
    "sampleCount" : 300000,
    "errorCount" : 148044,
    "errorPct" : 49.348,
    "meanResTime" : 981.406119999996,
    "medianResTime" : 1004.5,
    "minResTime" : 0.0,
    "maxResTime" : 23913.0,
    "pct1ResTime" : 2863.0,
    "pct2ResTime" : 3548.0,
    "pct3ResTime" : 4106.990000000002,
    "throughput" : 1669.0775564704575,
    "receivedKBytesPerSec" : 2081.121868958287,
    "sentKBytesPerSec" : 255.05332789724045
  },
  "Artists Update Request" : {
    "transaction" : "Artists Update Request",
    "sampleCount" : 30000,
    "errorCount" : 15225,
    "errorPct" : 50.75,
    "meanResTime" : 1384.2792999999858,
    "medianResTime" : 944.0,
    "minResTime" : 0.0,
    "maxResTime" : 5480.0,
    "pct1ResTime" : 3379.0,
    "pct2ResTime" : 3919.0,
    "pct3ResTime" : 4895.0,
    "throughput" : 199.31171022734821,
    "receivedKBytesPerSec" : 233.40316726031105,
    "sentKBytesPerSec" : 27.48767355690017
  },
  "Genres Create Request" : {
    "transaction" : "Genres Create Request",
    "sampleCount" : 30000,
    "errorCount" : 15176,
    "errorPct" : 50.586666,
    "meanResTime" : 755.5821333333342,
    "medianResTime" : 262.0,
    "minResTime" : 0.0,
    "maxResTime" : 5402.0,
    "pct1ResTime" : 2386.800000000003,
    "pct2ResTime" : 3059.7500000000036,
    "pct3ResTime" : 4070.9600000000064,
    "throughput" : 213.30299690710655,
    "receivedKBytesPerSec" : 288.3308262824842,
    "sentKBytesPerSec" : 32.6287483557894
  },
  "Playlists Create Request" : {
    "transaction" : "Playlists Create Request",
    "sampleCount" : 30000,
    "errorCount" : 14861,
    "errorPct" : 49.536667,
    "meanResTime" : 735.045199999998,
    "medianResTime" : 273.0,
    "minResTime" : 0.0,
    "maxResTime" : 5702.0,
    "pct1ResTime" : 2189.0,
    "pct2ResTime" : 2882.850000000002,
    "pct3ResTime" : 4208.0,
    "throughput" : 208.7203356222997,
    "receivedKBytesPerSec" : 283.9912888611175,
    "sentKBytesPerSec" : 39.80629040695247
  }
}