{
  "Create Controller" : {
    "transaction" : "Create Controller",
    "sampleCount" : 10000,
    "errorCount" : 0,
    "errorPct" : 0.0,
    "meanResTime" : 2081.1111000000055,
    "medianResTime" : 2212.0,
    "minResTime" : 9.0,
    "maxResTime" : 4722.0,
    "pct1ResTime" : 2982.0,
    "pct2ResTime" : 3044.0,
    "pct3ResTime" : 3414.0,
    "throughput" : 765.8727119552731,
    "receivedKBytesPerSec" : 1355.983619897373,
    "sentKBytesPerSec" : 1078.5043463276404
  },
  "Playlists Delete Request" : {
    "transaction" : "Playlists Delete Request",
    "sampleCount" : 10000,
    "errorCount" : 0,
    "errorPct" : 0.0,
    "meanResTime" : 449.7230999999994,
    "medianResTime" : 484.0,
    "minResTime" : 1.0,
    "maxResTime" : 925.0,
    "pct1ResTime" : 635.0,
    "pct2ResTime" : 689.0,
    "pct3ResTime" : 776.9899999999998,
    "throughput" : 695.6037840845854,
    "receivedKBytesPerSec" : 180.01465115470228,
    "sentKBytesPerSec" : 148.08752434613245
  },
  "Tracks Create Request" : {
    "transaction" : "Tracks Create Request",
    "sampleCount" : 10000,
    "errorCount" : 0,
    "errorPct" : 0.0,
    "meanResTime" : 440.8294999999993,
    "medianResTime" : 500.0,
    "minResTime" : 0.0,
    "maxResTime" : 988.0,
    "pct1ResTime" : 650.0,
    "pct2ResTime" : 691.0,
    "pct3ResTime" : 779.0,
    "throughput" : 779.666302822392,
    "receivedKBytesPerSec" : 252.0210412443474,
    "sentKBytesPerSec" : 186.54125409324809
  },
  "Albums Create Request" : {
    "transaction" : "Albums Create Request",
    "sampleCount" : 10000,
    "errorCount" : 0,
    "errorPct" : 0.0,
    "meanResTime" : 419.8967999999992,
    "medianResTime" : 405.0,
    "minResTime" : 1.0,
    "maxResTime" : 2402.0,
    "pct1ResTime" : 686.0,
    "pct2ResTime" : 779.0,
    "pct3ResTime" : 1053.9899999999998,
    "throughput" : 943.8414346389807,
    "receivedKBytesPerSec" : 305.0893699858424,
    "sentKBytesPerSec" : 227.66487730061348
  },
  "Delete Controller" : {
    "transaction" : "Delete Controller",
    "sampleCount" : 10000,
    "errorCount" : 0,
    "errorPct" : 0.0,
    "meanResTime" : 2241.0265999999965,
    "medianResTime" : 2394.0,
    "minResTime" : 128.0,
    "maxResTime" : 3285.0,
    "pct1ResTime" : 2953.0,
    "pct2ResTime" : 2990.0,
    "pct3ResTime" : 3054.0,
    "throughput" : 692.2810661128418,
    "receivedKBytesPerSec" : 895.7738404292143,
    "sentKBytesPerSec" : 729.4641311872621
  },
  "Artists Create Request" : {
    "transaction" : "Artists Create Request",
    "sampleCount" : 10000,
    "errorCount" : 0,
    "errorPct" : 0.0,
    "meanResTime" : 391.1573999999988,
    "medianResTime" : 370.0,
    "minResTime" : 0.0,
    "maxResTime" : 896.0,
    "pct1ResTime" : 653.0,
    "pct2ResTime" : 694.0,
    "pct3ResTime" : 776.0,
    "throughput" : 906.0433088701641,
    "receivedKBytesPerSec" : 281.3689181842892,
    "sentKBytesPerSec" : 217.66274802935578
  },
  "Genres Delete Request" : {
    "transaction" : "Genres Delete Request",
    "sampleCount" : 10000,
    "errorCount" : 0,
    "errorPct" : 0.0,
    "meanResTime" : 457.9624000000013,
    "medianResTime" : 505.0,
    "minResTime" : 1.0,
    "maxResTime" : 928.0,
    "pct1ResTime" : 634.0,
    "pct2ResTime" : 682.0,
    "pct3ResTime" : 781.9899999999998,
    "throughput" : 704.1261794113504,
    "receivedKBytesPerSec" : 182.2201538515702,
    "sentKBytesPerSec" : 147.83899274750036
  },
  "Albums Delete Request" : {
    "transaction" : "Albums Delete Request",
    "sampleCount" : 10000,
    "errorCount" : 0,
    "errorPct" : 0.0,
    "meanResTime" : 450.02390000000076,
    "medianResTime" : 519.0,
    "minResTime" : 1.0,
    "maxResTime" : 907.0,
    "pct1ResTime" : 646.0,
    "pct2ResTime" : 686.0,
    "pct3ResTime" : 768.0,
    "throughput" : 745.5453664355476,
    "receivedKBytesPerSec" : 192.93898643107434,
    "sentKBytesPerSec" : 156.5354040855886
  },
  "Total" : {
    "transaction" : "Total",
    "sampleCount" : 100000,
    "errorCount" : 0,
    "errorPct" : 0.0,
    "meanResTime" : 432.2137700000005,
    "medianResTime" : 586.0,
    "minResTime" : 0.0,
    "maxResTime" : 2402.0,
    "pct1ResTime" : 627.0,
    "pct2ResTime" : 637.0,
    "pct3ResTime" : 666.0,
    "throughput" : 6860.592755214051,
    "receivedKBytesPerSec" : 2102.3964908068056,
    "sentKBytesPerSec" : 1689.018978114709
  },
  "Artists Delete Request" : {
    "transaction" : "Artists Delete Request",
    "sampleCount" : 10000,
    "errorCount" : 0,
    "errorPct" : 0.0,
    "meanResTime" : 448.72830000000135,
    "medianResTime" : 510.0,
    "minResTime" : 1.0,
    "maxResTime" : 1050.0,
    "pct1ResTime" : 634.0,
    "pct2ResTime" : 676.0,
    "pct3ResTime" : 775.0,
    "throughput" : 723.2749891508752,
    "receivedKBytesPerSec" : 187.17565637205266,
    "sentKBytesPerSec" : 152.5658180240127
  },
  "Tracks Delete Request" : {
    "transaction" : "Tracks Delete Request",
    "sampleCount" : 10000,
    "errorCount" : 0,
    "errorPct" : 0.0,
    "meanResTime" : 434.5889000000009,
    "medianResTime" : 461.0,
    "minResTime" : 1.0,
    "maxResTime" : 937.0,
    "pct1ResTime" : 629.0,
    "pct2ResTime" : 676.0,
    "pct3ResTime" : 773.0,
    "throughput" : 698.0802792321117,
    "receivedKBytesPerSec" : 180.65554101221642,
    "sentKBytesPerSec" : 146.56958987783597
  },
  "Genres Create Request" : {
    "transaction" : "Genres Create Request",
    "sampleCount" : 10000,
    "errorCount" : 0,
    "errorPct" : 0.0,
    "meanResTime" : 408.55700000000047,
    "medianResTime" : 425.5,
    "minResTime" : 0.0,
    "maxResTime" : 1064.0,
    "pct1ResTime" : 640.8999999999996,
    "pct2ResTime" : 694.0,
    "pct3ResTime" : 809.9899999999998,
    "throughput" : 858.885167053165,
    "receivedKBytesPerSec" : 322.9206926908872,
    "sentKBytesPerSec" : 265.88534956626296
  },
  "Playlists Create Request" : {
    "transaction" : "Playlists Create Request",
    "sampleCount" : 10000,
    "errorCount" : 0,
    "errorPct" : 0.0,
    "meanResTime" : 420.67039999999895,
    "medianResTime" : 445.0,
    "minResTime" : 0.0,
    "maxResTime" : 947.0,
    "pct1ResTime" : 632.0,
    "pct2ResTime" : 687.0,
    "pct3ResTime" : 775.0,
    "throughput" : 817.0602173380178,
    "receivedKBytesPerSec" : 357.4638450853828,
    "sentKBytesPerSec" : 308.79131260723915
  }
}