{
  "Albums Get Request" : {
    "transaction" : "Albums Get Request",
    "sampleCount" : 922691,
    "errorCount" : 905701,
    "errorPct" : 98.158646,
    "meanResTime" : 8038.845489985333,
    "medianResTime" : 4093.0,
    "minResTime" : 0.0,
    "maxResTime" : 472952.0,
    "pct1ResTime" : 4124.0,
    "pct2ResTime" : 4145.0,
    "pct3ResTime" : 394974.6000000001,
    "throughput" : 62.39859790802044,
    "receivedKBytesPerSec" : 455.6293735278923,
    "sentKBytesPerSec" : 0.2281415646452263
  },
  "Playlists Update Request" : {
    "transaction" : "Playlists Update Request",
    "sampleCount" : 916043,
    "errorCount" : 914453,
    "errorPct" : 99.82642,
    "meanResTime" : 7411.341859498026,
    "medianResTime" : 4093.0,
    "minResTime" : 0.0,
    "maxResTime" : 443276.0,
    "pct1ResTime" : 4125.0,
    "pct2ResTime" : 4145.0,
    "pct3ResTime" : 360579.45000000024,
    "throughput" : 62.08353543986797,
    "receivedKBytesPerSec" : 157.028924478505,
    "sentKBytesPerSec" : 0.34692791593558714
  },
  "Update Controller" : {
    "transaction" : "Update Controller",
    "sampleCount" : 915589,
    "errorCount" : 914271,
    "errorPct" : 99.85605,
    "meanResTime" : 36608.592504935965,
    "medianResTime" : 20479.0,
    "minResTime" : 4.0,
    "maxResTime" : 1372698.0,
    "pct1ResTime" : 20630.0,
    "pct2ResTime" : 365627.5000000001,
    "pct3ResTime" : 387873.5100000004,
    "throughput" : 62.05057100968728,
    "receivedKBytesPerSec" : 784.7978368793783,
    "sentKBytesPerSec" : 1.2755911010967482
  },
  "Genres Update Request" : {
    "transaction" : "Genres Update Request",
    "sampleCount" : 916546,
    "errorCount" : 914910,
    "errorPct" : 99.8215,
    "meanResTime" : 7398.767166078032,
    "medianResTime" : 4093.0,
    "minResTime" : 0.0,
    "maxResTime" : 457270.0,
    "pct1ResTime" : 4125.0,
    "pct2ResTime" : 4145.0,
    "pct3ResTime" : 360571.7000000002,
    "throughput" : 62.115011302805954,
    "receivedKBytesPerSec" : 157.08477946939973,
    "sentKBytesPerSec" : 0.2868132994110789
  },
  "Artists Create Request" : {
    "transaction" : "Artists Create Request",
    "sampleCount" : 919522,
    "errorCount" : 906789,
    "errorPct" : 98.61526,
    "meanResTime" : 7731.038416699048,
    "medianResTime" : 4093.0,
    "minResTime" : 0.0,
    "maxResTime" : 466102.0,
    "pct1ResTime" : 4125.0,
    "pct2ResTime" : 4147.0,
    "pct3ResTime" : 390085.7100000002,
    "throughput" : 62.20688371196879,
    "receivedKBytesPerSec" : 157.157312645907,
    "sentKBytesPerSec" : 0.23357624923587827
  },
  "Genres Get Request" : {
    "transaction" : "Genres Get Request",
    "sampleCount" : 921629,
    "errorCount" : 907175,
    "errorPct" : 98.43169,
    "meanResTime" : 7870.289519969472,
    "medianResTime" : 4093.0,
    "minResTime" : 0.0,
    "maxResTime" : 473525.0,
    "pct1ResTime" : 4126.0,
    "pct2ResTime" : 4148.0,
    "pct3ResTime" : 393471.6600000002,
    "throughput" : 62.34907074664992,
    "receivedKBytesPerSec" : 658.0183345999562,
    "sentKBytesPerSec" : 0.1960790565323412
  },
  "Albums Update Request" : {
    "transaction" : "Albums Update Request",
    "sampleCount" : 917552,
    "errorCount" : 915773,
    "errorPct" : 99.806114,
    "meanResTime" : 7315.280348143841,
    "medianResTime" : 4093.0,
    "minResTime" : 0.0,
    "maxResTime" : 447462.0,
    "pct1ResTime" : 4125.0,
    "pct2ResTime" : 4145.0,
    "pct3ResTime" : 360506.99,
    "throughput" : 62.11856370522225,
    "receivedKBytesPerSec" : 157.11484930338318,
    "sentKBytesPerSec" : 0.21910177086095647
  },
  "Tracks Update Request" : {
    "transaction" : "Tracks Update Request",
    "sampleCount" : 915589,
    "errorCount" : 914083,
    "errorPct" : 99.83552,
    "meanResTime" : 7411.5546604426445,
    "medianResTime" : 4093.0,
    "minResTime" : 0.0,
    "maxResTime" : 444340.0,
    "pct1ResTime" : 4125.0,
    "pct2ResTime" : 4144.0,
    "pct3ResTime" : 360682.6500000001,
    "throughput" : 62.05074342509038,
    "receivedKBytesPerSec" : 156.94383056621035,
    "sentKBytesPerSec" : 0.218573138368077
  },
  "Artists Update Request" : {
    "transaction" : "Artists Update Request",
    "sampleCount" : 917040,
    "errorCount" : 915340,
    "errorPct" : 99.81462,
    "meanResTime" : 7416.882804458054,
    "medianResTime" : 4093.0,
    "minResTime" : 0.0,
    "maxResTime" : 459242.0,
    "pct1ResTime" : 4125.0,
    "pct2ResTime" : 4144.0,
    "pct3ResTime" : 361036.83,
    "throughput" : 62.15477476959681,
    "receivedKBytesPerSec" : 157.18193690420944,
    "sentKBytesPerSec" : 0.2222307199571022
  },
  "Genres Create Request" : {
    "transaction" : "Genres Create Request",
    "sampleCount" : 919026,
    "errorCount" : 906668,
    "errorPct" : 98.65532,
    "meanResTime" : 7642.190230744203,
    "medianResTime" : 4093.0,
    "minResTime" : 0.0,
    "maxResTime" : 469453.0,
    "pct1ResTime" : 4125.0,
    "pct2ResTime" : 4146.0,
    "pct3ResTime" : 390042.4600000001,
    "throughput" : 62.164055568358535,
    "receivedKBytesPerSec" : 157.17466000480945,
    "sentKBytesPerSec" : 0.2909155147800838
  },
  "Create Controller" : {
    "transaction" : "Create Controller",
    "sampleCount" : 918049,
    "errorCount" : 916323,
    "errorPct" : 99.81199,
    "meanResTime" : 38026.06333975748,
    "medianResTime" : 20479.0,
    "minResTime" : 2.0,
    "maxResTime" : 1342248.0,
    "pct1ResTime" : 20644.0,
    "pct2ResTime" : 393717.10000000003,
    "pct3ResTime" : 416395.56000000006,
    "throughput" : 62.096718390652605,
    "receivedKBytesPerSec" : 784.9533525072435,
    "sentKBytesPerSec" : 1.3172893802346075
  },
  "Playlists Delete Request" : {
    "transaction" : "Playlists Delete Request",
    "sampleCount" : 913656,
    "errorCount" : 912339,
    "errorPct" : 99.85585,
    "meanResTime" : 7374.01421432163,
    "medianResTime" : 4093.0,
    "minResTime" : 0.0,
    "maxResTime" : 441915.0,
    "pct1ResTime" : 4125.0,
    "pct2ResTime" : 4143.0,
    "pct3ResTime" : 361622.47000000026,
    "throughput" : 61.91989658601421,
    "receivedKBytesPerSec" : 156.64618833067183,
    "sentKBytesPerSec" : 0.18629688318235751
  },
  "Tracks Create Request" : {
    "transaction" : "Tracks Create Request",
    "sampleCount" : 918049,
    "errorCount" : 906012,
    "errorPct" : 98.68885,
    "meanResTime" : 7684.244904139199,
    "medianResTime" : 4093.0,
    "minResTime" : 0.0,
    "maxResTime" : 470022.0,
    "pct1ResTime" : 4125.0,
    "pct2ResTime" : 4146.0,
    "pct3ResTime" : 389614.6700000002,
    "throughput" : 62.0975164416045,
    "receivedKBytesPerSec" : 156.98806526967283,
    "sentKBytesPerSec" : 0.2220386654440828
  },
  "Albums Create Request" : {
    "transaction" : "Albums Create Request",
    "sampleCount" : 920020,
    "errorCount" : 907328,
    "errorPct" : 98.62047,
    "meanResTime" : 7685.371754961872,
    "medianResTime" : 4093.0,
    "minResTime" : 0.0,
    "maxResTime" : 468941.0,
    "pct1ResTime" : 4125.0,
    "pct2ResTime" : 4147.0,
    "pct3ResTime" : 390754.72000000003,
    "throughput" : 62.23820356307323,
    "receivedKBytesPerSec" : 157.25404209635462,
    "sentKBytesPerSec" : 0.23430468493727508
  },
  "Delete Controller" : {
    "transaction" : "Delete Controller",
    "sampleCount" : 913192,
    "errorCount" : 912094,
    "errorPct" : 99.87976,
    "meanResTime" : 36626.09550017843,
    "medianResTime" : 20479.0,
    "minResTime" : 5.0,
    "maxResTime" : 1407377.0,
    "pct1ResTime" : 20629.0,
    "pct2ResTime" : 366149.15,
    "pct3ResTime" : 388028.9000000002,
    "throughput" : 61.8878256390794,
    "receivedKBytesPerSec" : 782.9178616799511,
    "sentKBytesPerSec" : 0.9112604917793922
  },
  "Artists Get Request" : {
    "transaction" : "Artists Get Request",
    "sampleCount" : 922174,
    "errorCount" : 907012,
    "errorPct" : 98.35584,
    "meanResTime" : 7819.055366991375,
    "medianResTime" : 4093.0,
    "minResTime" : 0.0,
    "maxResTime" : 473472.0,
    "pct1ResTime" : 4125.0,
    "pct2ResTime" : 4145.0,