{
  "Albums Get Request" : {
    "transaction" : "Albums Get Request",
    "sampleCount" : 30000,
    "errorCount" : 25017,
    "errorPct" : 83.39,
    "meanResTime" : 2320.6596999999847,
    "medianResTime" : 1707.5,
    "minResTime" : 1.0,
    "maxResTime" : 10192.0,
    "pct1ResTime" : 4155.9000000000015,
    "pct2ResTime" : 4768.0,
    "pct3ResTime" : 7039.970000000005,
    "throughput" : 435.9577992850292,
    "receivedKBytesPerSec" : 845.3302193003968,
    "sentKBytesPerSec" : 13.082352768876975
  },
  "Genres Get Request" : {
    "transaction" : "Genres Get Request",
    "sampleCount" : 30000,
    "errorCount" : 14232,
    "errorPct" : 47.44,
    "meanResTime" : 835.1351333333316,
    "medianResTime" : 579.0,
    "minResTime" : 0.0,
    "maxResTime" : 10900.0,
    "pct1ResTime" : 3090.0,
    "pct2ResTime" : 5337.0,
    "pct3ResTime" : 8766.740000000042,
    "throughput" : 459.81944423156506,
    "receivedKBytesPerSec" : 561.2059196005703,
    "sentKBytesPerSec" : 43.66308933525436
  },
  "Tracks Get Request" : {
    "transaction" : "Tracks Get Request",
    "sampleCount" : 30000,
    "errorCount" : 10573,
    "errorPct" : 35.243332,
    "meanResTime" : 740.332266666666,
    "medianResTime" : 278.0,
    "minResTime" : 0.0,
    "maxResTime" : 10018.0,
    "pct1ResTime" : 2591.0,
    "pct2ResTime" : 4050.0,
    "pct3ResTime" : 7064.980000000003,
    "throughput" : 421.79854901299143,
    "receivedKBytesPerSec" : 409.34586679162453,
    "sentKBytesPerSec" : 49.347066281248246
  },
  "Total" : {
    "transaction" : "Total",
    "sampleCount" : 150000,
    "errorCount" : 78957,
    "errorPct" : 52.638,
    "meanResTime" : 1146.7873333333532,
    "medianResTime" : 1098.0,
    "minResTime" : 0.0,
    "maxResTime" : 10900.0,
    "pct1ResTime" : 5454.9000000000015,
    "pct2ResTime" : 7232.950000000001,
    "pct3ResTime" : 9156.0,
    "throughput" : 1785.7568037334222,
    "receivedKBytesPerSec" : 2362.037858695296,
    "sentKBytesPerSec" : 153.56464495434415
  },
  "Artists Get Request" : {
    "transaction" : "Artists Get Request",
    "sampleCount" : 30000,
    "errorCount" : 16576,
    "errorPct" : 55.253334,
    "meanResTime" : 965.6626333333378,
    "medianResTime" : 671.0,
    "minResTime" : 0.0,
    "maxResTime" : 10001.0,
    "pct1ResTime" : 3757.9000000000015,
    "pct2ResTime" : 4884.950000000001,
    "pct3ResTime" : 8471.990000000002,
    "throughput" : 464.15917565330403,
    "receivedKBytesPerSec" : 638.9141382884904,
    "sentKBytesPerSec" : 37.725987498646205
  },
  "Get Controller" : {
    "transaction" : "Get Controller",
    "sampleCount" : 30000,
    "errorCount" : 25017,
    "errorPct" : 83.39,
    "meanResTime" : 5733.9367666667,
    "medianResTime" : 6096.5,
    "minResTime" : 5.0,
    "maxResTime" : 24611.0,
    "pct1ResTime" : 12778.700000000004,
    "pct2ResTime" : 14701.95,
    "pct3ResTime" : 17793.960000000006,
    "throughput" : 424.92917847025495,
    "receivedKBytesPerSec" : 2810.2897458171037,
    "sentKBytesPerSec" : 182.7071253098442
  },
  "Playlists Get Request" : {
    "transaction" : "Playlists Get Request",
    "sampleCount" : 30000,
    "errorCount" : 12559,
    "errorPct" : 41.863335,
    "meanResTime" : 872.1469333333317,
    "medianResTime" : 573.0,
    "minResTime" : 0.0,
    "maxResTime" : 10047.0,
    "pct1ResTime" : 3506.800000000003,
    "pct2ResTime" : 5272.950000000001,
    "pct3ResTime" : 7798.990000000002,
    "throughput" : 440.0052800633608,
    "receivedKBytesPerSec" : 487.11358885264957,
    "sentKBytesPerSec" : 46.964089610742
  }
}