{
  "Albums Get Request" : {
    "transaction" : "Albums Get Request",
    "sampleCount" : 10000,
    "errorCount" : 0,
    "errorPct" : 0.0,
    "meanResTime" : 16.154599999999977,
    "medianResTime" : 1.0,
    "minResTime" : 0.0,
    "maxResTime" : 573.0,
    "pct1ResTime" : 7.0,
    "pct2ResTime" : 41.94999999999891,
    "pct3ResTime" : 475.9499999999989,
    "throughput" : 1011.7361392148927,
    "receivedKBytesPerSec" : 259.85019981788747,
    "sentKBytesPerSec" : 182.7843610886281
  },
  "Genres Get Request" : {
    "transaction" : "Genres Get Request",
    "sampleCount" : 10000,
    "errorCount" : 0,
    "errorPct" : 0.0,
    "meanResTime" : 3.036300000000001,
    "medianResTime" : 1.0,
    "minResTime" : 0.0,
    "maxResTime" : 272.0,
    "pct1ResTime" : 2.0,
    "pct2ResTime" : 11.0,
    "pct3ResTime" : 60.0,
    "throughput" : 1044.2773600668338,
    "receivedKBytesPerSec" : 268.2079547827903,
    "sentKBytesPerSec" : 188.66339024644944
  },
  "Tracks Get Request" : {
    "transaction" : "Tracks Get Request",
    "sampleCount" : 10000,
    "errorCount" : 0,
    "errorPct" : 0.0,
    "meanResTime" : 2.2368000000000103,
    "medianResTime" : 1.0,
    "minResTime" : 0.0,
    "maxResTime" : 254.0,
    "pct1ResTime" : 2.0,
    "pct2ResTime" : 9.0,
    "pct3ResTime" : 41.0,
    "throughput" : 1046.2439840970915,
    "receivedKBytesPerSec" : 268.7130545093116,
    "sentKBytesPerSec" : 189.01868853316594
  },
  "Total" : {
    "transaction" : "Total",
    "sampleCount" : 50000,
    "errorCount" : 0,
    "errorPct" : 0.0,
    "meanResTime" : 5.461300000000079,
    "medianResTime" : 0.0,
    "minResTime" : 0.0,
    "maxResTime" : 573.0,
    "pct1ResTime" : 1.0,
    "pct2ResTime" : 1.0,
    "pct3ResTime" : 7.0,
    "throughput" : 5051.525560719338,
    "receivedKBytesPerSec" : 1297.4133031925642,
    "sentKBytesPerSec" : 916.5756339664579
  },
  "Artists Get Request" : {
    "transaction" : "Artists Get Request",
    "sampleCount" : 10000,
    "errorCount" : 0,
    "errorPct" : 0.0,
    "meanResTime" : 3.1927999999999934,
    "medianResTime" : 1.0,
    "minResTime" : 0.0,
    "maxResTime" : 294.0,
    "pct1ResTime" : 3.0,
    "pct2ResTime" : 13.0,
    "pct3ResTime" : 66.98999999999978,
    "throughput" : 1043.950307965341,
    "receivedKBytesPerSec" : 268.123956049692,
    "sentKBytesPerSec" : 189.62378640776697
  },
  "Get Controller" : {
    "transaction" : "Get Controller",
    "sampleCount" : 10000,
    "errorCount" : 0,
    "errorPct" : 0.0,
    "meanResTime" : 27.306600000000017,
    "medianResTime" : 3.0,
    "minResTime" : 0.0,
    "maxResTime" : 824.0,
    "pct1ResTime" : 21.0,
    "pct2ResTime" : 151.89999999999782,
    "pct3ResTime" : 632.9899999999998,
    "throughput" : 1000.8006405124099,
    "receivedKBytesPerSec" : 1285.2078537830264,
    "sentKBytesPerSec" : 907.9529248398718
  },
  "Playlists Get Request" : {
    "transaction" : "Playlists Get Request",
    "sampleCount" : 10000,
    "errorCount" : 0,
    "errorPct" : 0.0,
    "meanResTime" : 2.685999999999986,
    "medianResTime" : 1.0,
    "minResTime" : 0.0,
    "maxResTime" : 286.0,
    "pct1ResTime" : 2.0,
    "pct2ResTime" : 9.0,
    "pct3ResTime" : 56.0,
    "throughput" : 1044.3864229765013,
    "receivedKBytesPerSec" : 268.23596605744126,
    "sentKBytesPerSec" : 191.74281984334206
  }
}